login_id,time,allowed_notifications,date_id
352,999,true,0
184,2780,true,0
162,2928,false,0
130,3689,true,0
124,4547,true,0
193,4979,true,0
20,5080,false,0
70,5366,true,0
40,5463,true,0
268,5696,true,0
140,6234,false,0
340,6260,true,0
150,6625,true,0
298,7076,true,0
380,7467,true,0
378,7591,true,0
350,7778,true,0
105,7896,true,0
246,8028,false,0
274,8508,true,0
280,9184,true,0
294,9513,false,0
287,9520,true,0
134,9626,false,0
158,9720,false,0
207,9792,true,0
316,10015,false,0
328,10411,true,0
106,10455,true,0
230,10816,true,0
252,11111,false,0
258,11113,true,0
44,11150,true,0
38,11238,true,0
242,11255,true,0
26,11271,true,0
306,11359,false,0
41,11701,true,0
248,12431,true,0
146,12437,false,0
165,12580,true,0
264,12749,false,0
216,13127,true,0
72,13212,true,0
126,13250,false,0
82,13438,false,0
310,13712,true,0
300,14528,false,0
319,14603,true,0
314,14608,true,0
28,14629,false,0
370,14712,false,0
4,14821,false,0
206,14949,true,0
218,14962,false,0
231,15021,false,0
64,15054,true,0
273,15132,false,0
220,15431,false,0
62,15487,true,0
282,15582,true,0
68,15874,true,0
98,16060,false,0
16,16071,false,0
128,16323,true,0
148,16641,false,0
377,16711,false,0
210,16759,true,0
266,16948,true,0
232,17032,false,0
290,17079,true,0
50,17125,false,0
100,18257,true,0
367,18354,false,0
303,18577,true,0
372,18661,false,0
60,18775,false,0
190,18776,false,0
256,19091,true,0
154,19483,true,0
152,19499,true,0
368,19718,false,0
342,19837,true,0
243,19877,false,0
226,20054,true,0
153,20147,false,0
278,20230,true,0
247,20357,true,0
334,20402,false,0
8,20495,false,0
116,20539,true,0
76,20634,false,0
204,20970,false,0
24,21169,true,0
166,21463,true,0
118,21523,false,0
346,21602,true,0
202,21624,false,0
374,21654,true,0
295,21709,false,0
138,22043,false,0
189,22364,true,0
33,22413,false,0
276,22615,true,0
238,22725,true,0
104,22746,false,0
222,22751,false,0
182,22934,false,0
156,23058,true,0
254,23124,false,0
312,23169,true,0
19,23190,true,0
373,23296,false,0
122,23929,true,0
192,24270,false,0
318,24394,true,0
320,24904,false,0
348,24943,true,0
339,25213,true,0
121,25665,true,0
360,25945,false,0
358,26206,true,0
139,26242,true,0
275,26382,true,0
332,26417,true,0
14,26590,false,0
188,26627,true,0
91,26657,true,0
66,26664,true,0
183,26739,true,0
39,26921,true,0
149,26995,true,0
136,27168,true,0
101,27205,true,0
293,27261,false,0
262,27286,true,0
362,27288,true,0
304,27302,true,0
23,27461,true,0
81,27617,false,0
36,27946,true,0
84,27997,false,0
52,28089,true,0
17,28123,false,0
112,28185,true,0
284,28366,false,0
107,28507,true,0
160,28584,true,0
174,28656,true,0
381,28985,true,0
224,29038,false,0
338,29472,false,0
102,29507,false,0
18,29694,false,0
308,30054,true,0
80,30186,true,0
292,30201,false,0
272,31237,true,0
195,31619,true,0
163,31633,true,0
58,31721,true,0
56,31728,false,0
311,31985,false,0
51,32031,true,0
135,32375,true,0
32,32555,false,0
86,32598,true,0
198,33162,false,0
270,33571,false,0
240,33698,true,0
10,33952,false,0
168,34293,true,0
234,34634,true,0
172,34940,true,0
119,35094,false,0
286,35226,true,0
69,35982,false,0
269,37046,false,0
131,37186,true,0
376,37473,true,0
35,37731,false,0
235,38227,true,0
186,38645,true,0
324,38877,true,0
120,38941,true,0
133,39575,true,0
208,39610,true,0
103,39810,true,0
200,40550,false,0
87,40665,true,0
74,40758,true,0
302,40886,true,0
114,41021,true,0
322,41219,false,0
288,41512,true,0
90,41537,false,0
336,41544,true,0
3,41898,false,0
132,42066,false,0
236,42076,false,0
344,42082,true,0
47,42188,true,0
94,42196,true,0
63,42229,true,0
109,42433,true,0
201,42641,true,0
89,42705,true,0
366,43357,false,0
185,43608,true,0
92,44644,false,0
194,45049,false,0
257,45530,false,0
225,45703,false,0
34,46106,false,0
209,46218,false,0
27,46442,true,0
203,46636,true,0
205,47231,false,0
321,47850,true,0
259,48129,false,0
196,48270,false,0
42,48566,false,0
161,48925,true,0
251,49016,true,0
46,49221,false,0
144,49540,false,0
325,50252,true,0
30,51001,false,0
12,51090,true,0
212,51569,false,0
250,51570,false,0
375,52054,false,0
176,52279,true,0
164,52585,false,0
6,52623,true,0
88,52732,true,0
356,53779,true,0
110,54044,true,0
61,54210,false,0
142,54713,true,0
147,54995,true,0
145,55600,true,0
48,55838,true,0
180,55902,true,0
96,56265,true,0
217,57077,true,0
289,57558,true,0
296,57970,true,0
330,58297,false,0
260,58369,false,0
125,59108,false,0
111,59412,true,0
77,59778,true,0
173,59930,true,0
75,60416,false,0
25,60473,false,0
364,60592,true,0
371,61714,true,0
99,63056,false,0
281,63148,true,0
178,63435,false,0
78,63625,true,0
244,63735,false,0
54,63795,true,0
335,64183,true,0
326,65260,false,0
22,66930,true,0
117,67055,false,0
108,69663,true,0
170,70520,false,0
113,70598,true,0
228,72861,false,0
354,74350,false,0
337,74564,true,0
277,76353,true,0
127,76594,true,0
2,76608,true,0
214,77867,false,0
361,79570,false,0
341,81675,false,0
143,82844,true,0
710,86971,true,1
708,88541,true,1
384,89362,true,1
576,89445,true,1
510,89551,true,1
514,90251,false,1
582,90321,true,1
783,90847,false,1
726,91019,false,1
418,91179,true,1
706,91410,true,1
670,91753,true,1
452,92289,true,1
700,92470,true,1
528,92899,true,1
772,92978,true,1
678,93494,true,1
476,93808,true,1
784,94289,true,1
580,94319,true,1
634,94386,true,1
520,94576,true,1
724,94703,true,1
674,94776,true,1
614,94821,false,1
596,94852,true,1
711,95316,true,1
550,95490,true,1
508,95735,true,1
394,95775,false,1
732,95887,true,1
560,96030,true,1
654,96097,false,1
548,96202,true,1
738,96479,true,1
616,97011,true,1
720,97017,true,1
554,97026,true,1
680,97036,false,1
406,97249,true,1
704,97684,false,1
390,97940,true,1
586,98254,false,1
702,98473,false,1
445,98510,true,1
458,98994,false,1
728,99250,true,1
640,99367,false,1
460,99531,true,1
546,99812,true,1
420,99850,true,1
630,100087,true,1
659,100099,true,1
530,100252,true,1
642,100647,true,1
424,100667,false,1
644,100704,true,1
764,100726,false,1
569,100785,true,1
414,100971,false,1
564,101000,true,1
556,101149,true,1
462,101235,true,1
600,101693,false,1
771,101787,true,1
664,101852,false,1
718,101861,true,1
470,102036,true,1
608,102414,true,1
658,102483,false,1
534,103009,true,1
538,103090,false,1
430,103460,true,1
737,103788,true,1
786,103828,true,1
612,104437,true,1
500,104440,false,1
524,104963,true,1
440,105183,true,1
656,105239,true,1
393,105255,true,1
497,105531,false,1
562,105626,false,1
317,105830,true,1
549,105894,false,1
648,106207,false,1
696,106259,true,1
712,106365,true,1
511,106530,true,1
428,106563,true,1
628,106655,true,1
494,107197,false,1
746,107526,true,1
558,107637,true,1
388,107654,true,1
522,107783,true,1
305,108139,false,1
684,108200,true,1
398,108391,true,1
627,108437,false,1
666,108511,false,1
584,108635,true,1
752,108859,false,1
492,109065,true,1
544,109214,false,1
787,109618,true,1
403,109768,true,1
29,109847,true,1
618,109992,false,1
484,110399,false,1
472,110459,false,1
434,110490,false,1
643,110576,true,1
552,110659,true,1
685,110823,false,1
770,111038,true,1
781,111039,false,1
679,111182,true,1
387,111194,true,1
694,111268,false,1
622,111653,false,1
578,111727,false,1
410,111851,true,1
620,111997,true,1
725,112212,true,1
400,112270,false,1
624,112680,false,1
422,112750,false,1
638,112859,false,1
782,112939,true,1
419,113011,false,1
518,113094,false,1
504,113298,false,1
444,113482,true,1
590,113771,false,1
396,113771,true,1
540,113824,false,1
482,114010,true,1
557,114312,true,1
507,114595,false,1
480,114881,true,1
408,114981,true,1
478,115362,true,1
382,115461,false,1
646,115682,false,1
788,115702,false,1
727,115860,false,1
661,115970,true,1
688,116104,false,1
722,116133,false,1
762,116253,true,1
589,116369,true,1
459,116647,true,1
698,116729,true,1
539,116740,false,1
429,117007,true,1
774,117135,false,1
636,117161,true,1
632,117181,false,1
742,117276,true,1
579,117312,false,1
662,117341,false,1
768,117475,false,1
677,117744,false,1
676,117786,false,1
435,117798,true,1
521,117808,true,1
758,117809,true,1
451,117864,true,1
474,117879,true,1
660,118131,true,1
402,118277,false,1
668,118445,false,1
570,119008,true,1
778,119104,false,1
512,119322,false,1
486,119720,true,1
606,120201,true,1
488,120304,false,1
775,120517,false,1
609,121077,true,1
598,121547,false,1
637,121847,true,1
767,121849,true,1
751,121860,true,1
602,121873,true,1
736,122373,true,1
568,122578,false,1
547,122975,true,1
509,123030,true,1
769,123116,true,1
423,123207,false,1
559,123277,false,1
641,123368,true,1
740,123397,true,1
691,123578,true,1
750,124228,true,1
756,124486,false,1
682,124882,false,1
468,125135,false,1
466,125191,true,1
594,125229,true,1
647,125246,false,1
502,125400,true,1
392,125880,false,1
391,126185,true,1
329,126290,false,1
604,126489,true,1
617,126545,false,1
766,126621,true,1
744,126927,false,1
490,127435,true,1
449,127619,true,1
517,128166,true,1
626,128379,false,1
542,128510,false,1
585,128745,false,1
469,128920,true,1
409,128993,true,1
734,129400,false,1
404,129421,true,1
716,129463,true,1
599,129757,true,1
695,129993,false,1
571,130250,true,1
754,130301,false,1
496,130431,true,1
536,130752,true,1
386,130814,true,1
432,131016,true,1
780,131074,true,1
487,131082,false,1
489,131180,true,1
645,131216,true,1
747,131219,true,1
535,131558,false,1
421,132188,true,1
436,132306,true,1
416,132775,false,1
730,132947,true,1
565,133211,true,1
433,133222,true,1
610,133232,true,1
412,133240,true,1
761,133289,true,1
567,133468,true,1
438,133513,true,1
671,133524,true,1
481,133651,false,1
283,133713,false,1
473,134210,true,1
485,134271,true,1
607,134374,true,1
655,134401,true,1
439,134457,true,1
652,134643,false,1
519,134977,true,1
464,135688,true,1
686,136041,true,1
475,136511,false,1
446,136533,true,1
457,136971,true,1
574,137954,true,1
572,138097,false,1
741,138308,true,1
437,138412,true,1
11,138940,true,1
619,139197,true,1
454,139504,true,1
733,139968,false,1
591,141458,true,1
581,141492,true,1
703,142827,false,1
776,143483,false,1
456,143724,false,1
692,144369,true,1
663,144573,true,1
777,144740,true,1
785,145651,true,1
672,146456,true,1
379,147337,true,1
773,147986,true,1
516,148409,false,1
713,148543,true,1
417,148776,true,1
187,150083,true,1
157,150395,false,1
532,150648,false,1
739,151140,true,1
693,151188,true,1
526,151200,false,1
592,152154,false,1
426,152266,false,1
729,152751,false,1
689,153667,true,1
442,153993,true,1
625,154655,true,1
566,154952,false,1
714,155126,true,1
506,155244,false,1
633,155909,false,1
503,157123,true,1
541,157771,false,1
743,159494,true,1
748,159709,true,1
651,160450,false,1
467,160476,true,1
690,160716,false,1
450,160819,false,1
577,160847,false,1
483,161174,true,1
765,161486,true,1
615,161592,true,1
760,162081,false,1
227,162134,false,1
701,162227,true,1
588,163339,false,1
448,167048,true,1
650,169483,false,1
441,169908,true,1
498,170716,true,1
1160,175489,true,2
1116,176020,true,2
1054,176733,true,2
828,176807,false,2
812,176876,false,2
1048,177712,false,2
957,177916,true,2
956,178110,false,2
888,178170,false,2
994,178349,true,2
993,179529,true,2
1120,179550,true,2
856,179714,true,2
842,179723,true,2
1018,180100,false,2
940,180369,false,2
1128,180402,true,2
1111,181525,false,2
976,181991,false,2
1196,182137,true,2
977,182200,false,2
968,182442,false,2
790,182527,true,2
1152,182745,true,2
984,183259,true,2
1164,183295,true,2
1019,183362,true,2
1102,183386,true,2
1108,183477,false,2
948,184300,false,2
870,184447,true,2
1094,184457,true,2
875,184943,true,2
1036,185115,true,2
987,185285,false,2
996,185309,true,2
1138,185324,true,2
531,185386,false,2
838,185510,true,2
793,185642,true,2
1030,185835,false,2
1121,186061,true,2
1064,186133,true,2
946,186271,true,2
1088,186459,true,2
1092,186562,false,2
852,186573,true,2
1098,186871,true,2
899,186881,true,2
1192,187001,false,2
950,187013,false,2
1132,187285,true,2
934,187311,true,2
878,187314,true,2
913,187491,false,2
802,187590,true,2
1038,187753,true,2
1049,187997,true,2
874,188341,true,2
667,188557,false,2
979,188622,true,2
808,189239,false,2
1190,189567,false,2
1144,189571,false,2
1090,189630,true,2
880,189632,false,2
848,189748,false,2
1056,189985,true,2
867,190196,true,2
990,190213,false,2
1178,190466,false,2
1004,190567,false,2
1042,190570,false,2
912,190589,true,2
1148,190651,true,2
1041,190685,true,2
822,190975,true,2
841,191004,true,2
1172,191049,true,2
821,191458,false,2
1198,191610,true,2
906,191701,false,2
824,191702,true,2
1024,192175,true,2
825,192406,true,2
1186,192508,true,2
1104,192518,true,2
830,192521,false,2
1122,192803,true,2
928,192900,true,2
1130,193240,true,2
1046,193495,true,2
897,193549,true,2
1168,193683,false,2
894,193775,true,2
898,193843,false,2
1040,193861,true,2
978,193881,false,2
854,194274,true,2
988,194435,false,2
820,195048,false,2
923,195286,false,2
1165,195546,true,2
1060,195651,false,2
1105,195786,true,2
1053,196115,true,2
826,196212,false,2
1082,196548,false,2
1110,196648,false,2
926,196829,true,2
850,196920,true,2
1184,197119,true,2
846,197159,false,2
1033,197176,true,2
1016,197202,true,2
801,197474,false,2
1166,197489,true,2
1180,197541,false,2
969,197848,true,2
914,198082,true,2
1156,198092,false,2
1058,198228,false,2
1028,198348,false,2
1020,198386,true,2
1066,198417,false,2
1034,198460,false,2
1026,198669,true,2
949,198903,false,2
1158,199113,true,2
1027,199122,false,2
836,199226,true,2
833,199304,true,2
1182,199476,true,2
1159,199499,true,2
924,199574,true,2
1080,199784,true,2
819,199803,true,2
1044,199887,true,2
813,199932,false,2
951,200039,false,2
463,200434,false,2
887,200462,true,2
918,200556,true,2
1103,200915,true,2
1137,200974,false,2
839,201035,false,2
1134,201117,true,2
1194,201372,true,2
1072,201423,true,2
908,201496,true,2
1078,201645,true,2
992,201648,true,2
972,202048,false,2
1176,202160,true,2
1140,202343,true,2
1022,202362,false,2
683,202383,true,2
1145,202414,false,2
929,202780,true,2
798,203099,false,2
814,203229,true,2
986,203301,true,2
1074,203836,true,2
1100,204079,false,2
884,204105,true,2
974,204509,true,2
799,204630,false,2
970,204694,true,2
1035,205000,true,2
844,205019,true,2
1009,205058,false,2
1123,205344,true,2
1043,205547,false,2
998,206207,true,2
553,206333,true,2
1002,206334,true,2
936,206543,false,2
892,206565,true,2
871,206599,false,2
960,206888,true,2
961,207050,true,2
886,207075,false,2
865,207243,false,2
965,207342,false,2
964,207783,false,2
639,207981,true,2
980,208356,true,2
1202,208711,true,2
932,208737,true,2
1096,208937,false,2
919,209217,true,2
864,209444,true,2
805,209598,true,2
1084,209650,false,2
952,210946,true,2
1070,211278,false,2
1023,211308,true,2
904,211406,true,2
1170,211512,false,2
1011,211642,false,2
997,212002,true,2
1015,212509,true,2
1149,212563,true,2
1050,212653,false,2
916,212925,false,2
890,213017,false,2
958,213174,false,2
954,213344,false,2
1017,213440,false,2
873,213502,true,2
1106,213585,false,2
938,213615,false,2
1086,213714,false,2
973,213841,true,2
882,214018,false,2
855,214222,false,2
1057,214407,true,2
1163,214526,true,2
859,214690,false,2
1146,214984,false,2
896,215066,false,2
1197,215709,false,2
1185,215801,true,2
1073,216224,true,2
1171,216283,false,2
889,216353,false,2
1174,216644,false,2
605,216685,true,2
1052,216843,false,2
966,217047,false,2
1031,217224,true,2
1201,217437,true,2
818,217441,false,2
999,217623,true,2
1010,217644,true,2
804,218688,false,2
1037,218807,false,2
681,218818,true,2
1012,218874,true,2
902,220504,true,2
807,220927,false,2
1079,221278,true,2
947,221560,false,2
806,221824,false,2
962,221903,true,2
800,222073,false,2
868,222564,true,2
1076,222806,false,2
995,222852,false,2
834,223043,false,2
879,223111,true,2
1114,223214,true,2
860,223477,true,2
1181,223583,true,2
869,223597,true,2
1139,223651,true,2
1032,224094,false,2
1150,224583,false,2
866,224783,false,2
794,224853,true,2
943,224945,false,2
832,225638,false,2
920,225869,false,2
858,226262,false,2
1008,226431,false,2
1162,226482,false,2
1124,226484,true,2
1188,226941,false,2
1068,227687,true,2
876,228142,false,2
905,229148,false,2
1200,229655,true,2
1118,229693,false,2
1095,229732,true,2
1091,229934,false,2
1154,229948,false,2
872,230325,true,2
1195,232345,true,2
1199,232483,true,2
893,232489,true,2
759,232536,true,2
930,233660,false,2
931,233876,true,2
900,234015,true,2
840,234495,false,2
816,235011,false,2
1112,235149,true,2
1000,235544,true,2
1119,236143,false,2
941,236426,true,2
944,236563,true,2
37,237185,true,2
811,237242,false,2
1126,237242,true,2
922,237315,false,2
1131,238682,false,2
910,239199,true,2
827,239646,false,2
921,239806,false,2
901,240328,false,2
810,241040,true,2
862,241238,false,2
1142,243176,false,2
982,243677,false,2
861,243692,false,2
675,244592,true,2
1006,244963,true,2
959,245625,true,2
1014,247083,false,2
1075,247402,true,2
817,247712,true,2
1047,247740,true,2
1136,250317,true,2
1062,251626,true,2
971,252039,true,2
1177,253290,false,2
1173,254630,true,2
792,254775,true,2
942,256033,false,2
1256,261241,false,3
1398,261668,true,3
1464,262674,true,3
1442,263158,true,3
1288,263807,true,3
1320,263843,true,3
1220,264164,true,3
1422,265596,true,3
1206,267163,true,3
1376,267195,true,3
1226,267945,true,3
1490,267986,false,3
1284,268204,true,3
1342,268480,true,3
1430,269156,true,3
1234,269191,true,3
1316,269355,true,3
1412,269754,true,3
1330,270571,true,3
1239,270677,false,3
1500,270906,true,3
1222,271101,false,3
1372,271257,true,3
1356,271544,true,3
1304,272693,false,3
1344,272697,false,3
1336,272765,true,3
1494,272770,false,3
1378,272779,true,3
1268,273018,false,3
1169,273459,true,3
1246,273607,true,3
1516,273917,true,3
1300,274309,false,3
1458,274404,false,3
1324,274526,true,3
1318,274730,false,3
1450,275194,true,3
1478,275322,true,3
1452,275859,false,3
1348,276267,true,3
1216,276347,true,3
1306,276543,true,3
1456,276630,true,3
1272,276877,true,3
1453,276963,false,3
1432,277196,true,3
1434,277603,true,3
1392,277870,true,3
1486,277936,false,3
1278,278110,true,3
1236,278526,false,3
1254,278576,true,3
1488,278802,true,3
1470,278985,true,3
1394,279414,true,3
1466,279482,true,3
1333,279967,true,3
1418,280087,true,3
1508,280104,true,3
1510,280322,true,3
1314,280357,true,3
1294,280589,true,3
1502,281150,false,3
1224,281307,false,3
1347,281554,false,3
1406,281696,true,3
1193,282086,true,3
1426,282355,true,3
1292,282666,false,3
1474,282730,false,3
1232,283057,false,3
1436,283585,true,3
1276,284255,false,3
1396,284490,true,3
1511,284552,true,3
1250,284622,false,3
1404,284784,true,3
1438,284856,true,3
1308,284866,true,3
1382,285089,true,3
1370,285137,false,3
1204,285145,false,3
1390,285193,true,3
1424,285443,true,3
1435,285572,true,3
1279,285859,false,3
1446,285940,false,3
1498,286068,true,3
1286,286320,false,3
1408,286412,true,3
1368,286451,true,3
1258,286477,true,3
1237,286700,true,3
1228,286711,true,3
1230,286713,false,3
1439,286857,false,3
1350,287061,true,3
1405,287433,false,3
1351,287467,false,3
1219,287540,true,3
1437,287639,true,3
1248,287646,true,3
1414,287943,true,3
1419,289335,true,3
1208,289737,true,3
1358,290409,true,3
1482,290531,false,3
1322,290729,true,3
1311,290828,false,3
1223,290875,false,3
1203,291283,false,3
1444,291436,true,3
1338,292191,true,3
1352,292352,false,3
1366,292523,true,3
1457,292549,true,3
1362,292872,true,3
1463,293402,true,3
1218,293504,true,3
1416,293533,false,3
1505,293828,false,3
1252,294094,true,3
1492,294268,false,3
1298,294453,false,3
1340,294518,true,3
1282,295141,true,3
587,295829,false,3
1384,295835,true,3
1409,296683,true,3
1491,297274,false,3
1332,297677,false,3
1334,298359,false,3
1263,299190,false,3
1513,299667,true,3
1328,300261,true,3
1341,300303,false,3
1317,300698,false,3
1274,300749,false,3
1440,301128,true,3
1249,301542,true,3
1506,301621,false,3
1462,301789,true,3
1354,301848,false,3
1290,302070,false,3
1183,302102,false,3
1389,302442,true,3
1386,302516,false,3
1399,302830,true,3
1212,302839,false,3
1433,303207,false,3
1468,303601,true,3
1266,304036,false,3
1476,304046,true,3
1269,304595,true,3
1305,304818,false,3
1315,305912,false,3
1428,306021,false,3
1310,306176,true,3
1460,306359,true,3
1115,306468,true,3
1227,306909,false,3
1441,307014,false,3
1417,307392,true,3
1244,308148,true,3
1514,308223,false,3
1302,308773,false,3
1312,308917,true,3
1153,309203,true,3
1423,309550,true,3
1388,309810,false,3
79,310654,false,3
1364,311059,false,3
1287,311272,true,3
1461,311619,true,3
1217,311628,true,3
1475,311679,false,3
1387,312008,true,3
1271,312169,true,3
1459,312237,true,3
1499,312293,true,3
1400,312307,false,3
1448,312726,true,3
1360,313717,false,3
1496,313834,true,3
1425,314009,true,3
1270,314892,false,3
1175,315040,false,3
1367,315510,false,3
1210,316687,true,3
1240,316728,false,3
1299,317423,false,3
1480,317542,false,3
1374,317547,true,3
1380,318211,true,3
1259,318327,true,3
1265,318413,true,3
1484,318699,false,3
1214,320063,false,3
1512,320273,false,3
1493,321339,true,3
1260,321416,false,3
1479,322794,false,3
1238,323023,true,3
1326,323455,true,3
1381,324104,true,3
1343,324805,true,3
383,325840,true,3
1410,325853,false,3
1420,327026,false,3
1211,328322,true,3
1346,328420,false,3
1280,328586,false,3
1449,328728,true,3
1262,329014,true,3
1431,331536,true,3
1264,333911,false,3
1472,335012,true,3
1296,335703,false,3
1465,338390,false,3
1363,338958,true,3
1454,340161,false,3
1242,343604,false,3
1402,343931,false,3
1504,344429,true,3
1598,347223,true,4
1626,347578,true,4
1716,350612,true,4
1674,352039,true,4
1786,352112,false,4
1530,352526,false,4
1538,352662,true,4
1788,352781,true,4
1576,353304,true,4
1558,353316,true,4
1654,353447,true,4
1596,353818,true,4
1550,353856,true,4
1834,354143,true,4
1535,354415,true,4
1634,354460,false,4
1644,354521,true,4
1572,354839,true,4
1584,354849,false,4
1794,354965,true,4
1690,354999,false,4
1790,355028,true,4
1692,355156,true,4
1714,355292,true,4
1704,355633,true,4
1552,355654,true,4
1564,355801,true,4
1573,355885,true,4
1726,356058,true,4
1562,356140,true,4
1532,356218,false,4
1213,356312,true,4
1624,356336,true,4
1816,356565,false,4
1730,356623,true,4
1608,356818,true,4
1734,356890,true,4
1796,356924,true,4
1560,357271,false,4
1756,357718,true,4
1640,358183,false,4
1643,358423,false,4
1722,358458,false,4
1646,359006,false,4
1733,359053,true,4
1652,359209,true,4
1848,359281,false,4
1622,359446,true,4
1600,359724,false,4
1720,359851,true,4
1632,360444,true,4
1524,360491,false,4
1427,360673,false,4
1798,360750,false,4
1574,360924,false,4
1830,361125,true,4
1818,361157,true,4
1738,361178,true,4
1800,361237,true,4
1546,361279,true,4
1616,361391,false,4
1808,361407,true,4
1610,361530,true,4
1528,361627,true,4
1780,361859,false,4
1842,361916,true,4
1770,362483,false,4
1658,362666,true,4
1590,362674,false,4
1708,362764,true,4
1688,363254,true,4
1648,363311,false,4
1746,363442,true,4
1686,363495,false,4
1795,363719,true,4
1721,363852,false,4
1678,363983,false,4
1840,364016,true,4
1850,364032,true,4
1822,364223,false,4
1758,364349,true,4
1676,364385,false,4
1750,364694,true,4
1812,364966,true,4
1742,364990,true,4
1736,365117,true,4
1778,365283,false,4
1605,365315,true,4
1555,365391,true,4
1536,365476,false,4
1827,365527,true,4
1647,365885,false,4
1762,365974,true,4
1548,366070,false,4
1732,366467,false,4
851,366654,true,4
1826,367037,false,4
1845,367198,true,4
1698,367247,true,4
1710,367353,false,4
1706,367429,false,4
1729,367461,false,4
1520,367704,true,4
1629,368085,true,4
1586,368089,false,4
1755,368216,true,4
1680,369011,true,4
1672,369522,false,4
1554,369991,false,4
1553,370014,true,4
1685,370017,true,4
1568,370165,false,4
1682,370345,true,4
1582,370384,true,4
1810,370780,false,4
1768,371200,false,4
1533,371346,false,4
1743,371400,true,4
1636,371762,false,4
1592,371810,true,4
1766,371841,false,4
1804,372096,false,4
1783,372549,false,4
1787,372694,true,4
1836,373001,false,4
1776,373382,true,4
1841,374063,false,4
1703,374226,true,4
1518,374578,true,4
1791,374830,true,4
1684,374964,true,4
1655,374997,true,4
1651,375467,true,4
1748,375474,false,4
1639,375525,false,4
1599,375591,true,4
1275,375600,true,4
1578,375700,true,4
1846,375849,true,4
1815,375901,false,4
1839,376055,false,4
1602,376512,false,4
1614,376715,true,4
1633,377574,true,4
1630,377730,false,4
1473,377778,false,4
1570,378079,false,4
1792,378169,true,4
1774,378261,false,4
1717,378278,true,4
1696,378342,true,4
1727,378846,true,4
1718,378945,false,4
1740,379061,true,4
1534,379500,true,4
1540,380047,true,4
1829,380059,false,4
1760,380228,true,4
1671,380506,true,4
1539,380829,true,4
1689,380928,true,4
1797,381078,false,4
1832,381580,false,4
1638,381704,true,4
1835,381943,true,4
1833,382100,false,4
1681,382256,false,4
1751,382587,false,4
1283,382657,true,4
1551,382739,true,4
1620,382835,true,4
1619,382950,false,4
1700,383054,true,4
1702,383675,true,4
1824,384136,true,4
915,384180,false,4
1725,384195,true,4
1728,384450,false,4
1844,384541,true,4
1691,384837,true,4
1784,385561,false,4
1477,385762,true,4
1723,385764,false,4
1125,385840,true,4
1752,385867,false,4
1593,385992,true,4
1772,386178,false,4
1253,386277,true,4
1838,386415,true,4
1724,386791,true,4
1561,386859,true,4
1662,387269,false,4
1763,387395,false,4
1585,387824,true,4
1779,387829,true,4
1588,387852,true,4
1828,387866,false,4
1809,388135,true,4
1559,388235,false,4
1739,388476,true,4
1664,389408,true,4
1781,389413,true,4
1847,390564,true,4
1731,390761,true,4
1754,390884,false,4
1764,391259,false,4
1666,391604,false,4
1753,392099,true,4
1544,392228,true,4
1849,392423,true,4
1531,392608,false,4
1335,393753,true,4
1650,394338,false,4
1803,394414,false,4
1529,394422,true,4
1618,394507,false,4
1642,394631,false,4
1601,394778,true,4
1675,394789,true,4
1831,395108,true,4
1659,395353,true,4
1782,395560,true,4
1744,396370,false,4
1267,396385,true,4
1628,396998,false,4
1391,397652,false,4
1697,399398,true,4
1709,399580,false,4
1694,399934,true,4
1693,400008,false,4
1843,400263,true,4
1668,400304,true,4
1806,400621,false,4
1817,400860,false,4
1580,401195,true,4
1660,401440,true,4
1097,401808,true,4
1679,402011,false,4
1597,403064,false,4
1695,403704,true,4
1526,404690,false,4
1606,405179,false,4
1565,405568,false,4
1670,405700,true,4
1656,405834,false,4
1823,406517,true,4
1765,406526,false,4
1767,406547,true,4
1687,407336,true,4
1707,407368,true,4
1712,408266,true,4
1805,409532,false,4
1683,410338,true,4
1522,410413,false,4
1543,410930,true,4
1814,411003,true,4
1604,411884,true,4
1641,413162,true,4
1594,413714,false,4
1587,413767,false,4
1612,415890,true,4
1609,416158,false,4
1542,416302,false,4
1556,416954,false,4
1509,418657,true,4
1773,419113,true,4
1802,419614,false,4
863,420353,false,4
1621,420700,true,4
1443,420775,false,4
1566,422115,false,4
1595,423554,false,4
1645,424690,true,4
1820,426742,false,4
2150,433419,false,5
1868,434280,true,5
1926,436768,true,5
1990,437167,true,5
2074,437195,false,5
2160,437754,false,5
2002,437938,true,5
2064,439066,true,5
1866,439075,true,5
2102,439639,true,5
1920,440685,true,5
2076,440728,false,5
2040,440789,true,5
1924,441100,true,5
2128,441192,true,5
2206,441345,false,5
1888,441460,true,5
1928,441789,true,5
1937,442112,true,5
1930,442142,true,5
2180,442489,false,5
1988,442961,false,5
2020,443146,false,5
1958,443401,true,5
1872,443584,true,5
2166,443897,true,5
2001,444012,false,5
1908,444143,true,5
1942,444152,false,5
1858,444175,true,5
2188,444205,true,5
2176,444498,false,5
1862,444500,true,5
2034,444563,true,5
1996,444589,true,5
2116,444935,true,5
1950,445127,true,5
2226,445347,true,5
1980,445444,false,5
1922,445621,false,5
2010,445801,false,5
2048,446044,true,5
1984,446151,true,5
2115,446904,true,5
2068,447044,true,5
2088,447049,false,5
2132,447051,true,5
2126,447168,false,5
2182,447805,true,5
1857,447809,true,5
2086,447945,false,5
2170,448213,false,5
2037,448271,true,5
2104,448407,true,5
1955,448698,true,5
2092,448818,true,5
1902,448836,true,5
1944,448865,true,5
2214,448907,true,5
2124,448969,true,5
1934,449044,true,5
2192,449175,true,5
1892,449212,false,5
2184,449736,true,5
2082,449930,false,5
2207,450190,false,5
1971,450409,false,5
1966,450627,true,5
1999,451085,true,5
1890,451315,true,5
2008,451420,false,5
1874,451504,false,5
2198,451717,true,5
2171,451791,true,5
1974,451828,true,5
2130,452140,true,5
2090,452405,false,5
1948,453097,true,5
2052,453172,true,5
2134,453199,false,5
2122,453426,false,5
2030,453787,false,5
2168,453820,true,5
1949,454427,false,5
2152,454561,true,5
1205,454682,false,5
2174,454855,false,5
1916,455115,false,5
1976,455153,false,5
2164,455197,false,5
2112,455214,true,5
2075,455327,false,5
1856,455399,true,5
1898,455581,true,5
2114,455922,true,5
1860,456333,false,5
1962,456450,true,5
2119,456728,false,5
2220,456742,true,5
1880,457000,true,5
1994,457024,true,5
2099,457129,true,5
2095,457219,true,5
2062,457413,false,5
2142,457667,false,5
2191,458219,true,5
2144,458446,false,5
1912,458857,true,5
1901,459036,false,5
2230,459176,true,5
2186,459191,true,5
1225,459219,false,5
1986,459327,false,5
1903,459581,true,5
1251,459747,false,5
1970,460010,true,5
2004,460257,false,5
2084,461119,false,5
1876,461155,false,5
1864,461238,false,5
2108,461288,false,5
1563,461416,false,5
2203,461467,true,5
2118,461535,true,5
1960,461793,true,5
2195,461820,true,5
2073,461887,false,5
2169,461934,true,5
2081,462106,true,5
1963,462514,true,5
2038,462620,false,5
1975,462949,true,5
2060,463204,false,5
2194,463390,true,5
1983,463547,true,5
2178,463558,true,5
2012,463693,true,5
1893,463907,true,5
2137,464453,true,5
1905,464479,false,5
2027,464602,true,5
1964,464736,true,5
1337,464809,false,5
1885,465021,true,5
1954,465444,true,5
2222,465642,true,5
2138,465916,false,5
1884,465949,false,5
2158,465983,false,5
2091,466129,true,5
2210,466245,true,5
2022,466786,true,5
2189,466939,true,5
1769,467099,true,5
1907,467204,true,5
1883,467205,true,5
1852,467457,false,5
1886,467478,false,5
2024,467546,false,5
2080,467657,false,5
2094,467711,false,5
2035,467739,false,5
1906,467761,true,5
1882,468479,true,5
1910,468533,true,5
2016,468739,false,5
2028,468861,false,5
2208,469051,false,5
1972,469419,false,5
2162,469908,true,5
2026,471079,false,5
2224,471378,false,5
1932,471378,false,5
2148,471717,false,5
2196,472017,true,5
1911,472223,false,5
1877,472287,false,5
2140,472645,false,5
1870,472791,true,5
2161,473155,true,5
2201,473342,false,5
2167,473356,true,5
2033,474088,true,5
2212,474098,true,5
2096,474452,false,5
2100,474822,true,5
2036,475045,true,5
2205,475580,false,5
1900,475663,true,5
2078,475857,false,5
2031,476146,true,5
2056,476529,true,5
2013,476595,true,5
2218,476717,true,5
2070,476987,false,5
2175,477309,false,5
2006,477486,true,5
1854,477619,true,5
2063,477676,false,5
2228,477956,false,5
1894,478413,false,5
1961,478799,true,5
1973,478836,false,5
2127,478937,false,5
2216,479029,true,5
1861,479180,false,5
2042,479584,false,5
2039,479674,false,5
2044,479700,false,5
2187,480017,true,5
1952,480434,true,5
2018,480655,true,5
1946,480692,true,5
1992,481418,true,5
2120,481593,false,5
2003,482255,true,5
1904,482481,false,5
2050,483033,false,5
2043,483255,true,5
1896,483441,true,5
1918,483548,false,5
1939,483691,false,5
2105,484275,true,5
2055,484461,true,5
1981,484651,false,5
2014,484673,true,5
2054,484908,true,5
1851,485401,true,5
2066,486332,true,5
2133,486488,true,5
2154,486545,false,5
2083,486567,false,5
2106,486812,true,5
1940,486906,true,5
2046,487114,false,5
2202,487294,false,5
2156,487502,false,5
2000,487647,false,5
1361,488075,false,5
1878,488336,false,5
1897,489417,false,5
1968,489807,false,5
2072,489840,false,5
2135,490145,true,5
1914,490410,true,5
1957,490647,true,5
1863,490979,true,5
2089,491392,false,5
1855,491586,true,5
1936,492152,false,5
1909,492562,true,5
1977,492635,false,5
2017,493123,true,5
2110,493224,false,5
2098,493233,true,5
1989,493289,true,5
2057,493523,true,5
2225,493594,true,5
2229,493675,true,5
2146,494073,false,5
1941,494774,true,5
1677,494900,true,5
1515,495362,true,5
1997,497951,false,5
1956,498265,false,5
1933,498537,true,5
2204,499046,false,5
1837,499780,true,5
2136,499991,false,5
2200,500152,false,5
2041,500441,true,5
2197,500679,false,5
1891,501396,true,5
1881,501459,true,5
2047,501564,false,5
1978,502327,true,5
2190,502522,false,5
1938,503058,true,5
1998,503267,true,5
1982,503425,false,5
2058,503931,false,5
1993,504232,true,5
2009,504289,true,5
1925,505134,false,5
2172,505266,true,5
1649,505280,true,5
1929,505964,true,5
1895,508164,false,5
2032,509216,true,5
1899,510386,true,5
2071,512300,true,5
1657,513468,false,5
1947,514630,false,5
2468,521074,true,6
2286,521174,true,6
2300,521622,true,6
2466,521981,true,6
2438,522095,false,6
2374,522514,false,6
2378,523012,false,6
2356,523259,true,6
2394,523819,true,6
2242,523903,true,6
2504,523934,true,6
2526,525157,false,6
2522,525670,true,6
2278,526398,true,6
2400,526438,false,6
2408,526629,true,6
2490,526664,true,6
2396,526680,false,6
2398,527031,false,6
2346,527331,true,6
2451,527370,true,6
2350,527564,true,6
2472,527856,false,6
2500,527946,true,6
2432,529022,true,6
2520,529063,false,6
2418,529207,true,6
2486,529547,true,6
2366,529609,true,6
2516,530016,false,6
2252,530112,true,6
2304,530155,false,6
2514,530433,true,6
2416,530600,false,6
2474,530941,true,6
2460,531272,true,6
2484,531359,true,6
2338,531676,true,6
2306,532220,false,6
2456,532555,false,6
2344,532643,true,6
2264,533439,false,6
2422,533896,false,6
2232,534278,true,6
2254,534689,true,6
2332,534770,true,6
2266,534876,false,6
2426,534918,false,6
2492,535019,true,6
2412,535020,true,6
2524,535146,true,6
2376,535261,true,6
2523,535690,true,6
2470,535744,true,6
2330,536499,true,6
2464,536616,true,6
2518,536741,true,6
2283,536856,true,6
2227,537190,true,6
2390,537190,true,6
2320,537346,false,6
2236,537714,false,6
2478,537906,true,6
2370,537950,false,6
2258,538348,true,6
2233,538538,false,6
2337,538947,false,6
2462,538985,true,6
2430,539048,false,6
2495,539142,true,6
2433,539241,true,6
2446,539470,false,6
2364,539839,false,6
2340,540031,true,6
2153,540554,true,6
2506,540872,false,6
2420,540872,true,6
2240,541084,true,6
2434,541383,true,6
2322,542462,true,6
2298,542660,false,6
2386,543038,true,6
2442,543237,true,6
2473,543316,false,6
2246,543546,true,6
2488,543555,true,6
2458,543707,false,6
2294,544104,false,6
1943,544176,true,6
2336,544476,true,6
2407,544629,false,6
2414,544782,false,6
2476,545643,true,6
2440,545952,true,6
2243,546369,true,6
2282,546429,true,6
2151,546503,true,6
2256,546513,false,6
2392,547642,true,6
2385,547735,true,6
2528,547781,false,6
2454,548204,true,6
2530,548432,false,6
2281,548600,false,6
2388,548686,true,6
2380,549277,true,6
2521,549476,true,6
2382,549499,true,6
2463,549794,true,6
2467,549860,true,6
2244,550162,true,6
2429,550182,false,6
2461,550610,false,6
2371,550952,true,6
2326,551344,false,6
1927,552450,true,6
2238,552507,true,6
2312,553022,true,6
2452,553983,false,6
2453,554054,false,6
2270,554090,false,6
2328,554296,false,6
2387,554476,false,6
2494,554521,true,6
2292,554609,false,6
2510,554738,false,6
2496,554994,false,6
2268,555301,true,6
2428,555355,false,6
2360,555523,false,6
2248,555782,false,6
2288,555922,true,6
2333,556110,false,6
2181,556174,false,6
2508,556509,false,6
2354,556519,false,6
2351,556622,true,6
2425,556716,false,6
2323,556878,false,6
2316,557322,false,6
1969,557529,true,6
2415,557726,false,6
2260,558135,false,6
2436,558156,false,6
2424,558166,false,6
1913,558915,false,6
2353,559493,true,6
2512,560000,true,6
2449,560420,false,6
2324,560445,true,6
2373,560675,true,6
2217,560937,true,6
2342,561117,false,6
2284,561502,true,6
2498,561548,true,6
2509,561554,false,6
2274,561924,false,6
2308,563169,false,6
2352,563280,true,6
2305,563433,true,6
2310,563677,false,6
2410,563953,false,6
2369,563957,true,6
2296,563984,true,6
2485,564029,false,6
2459,564712,true,6
2404,564862,false,6
2384,565516,false,6
2367,565721,false,6
2276,565892,true,6
2368,566872,false,6
2234,566952,true,6
2250,567969,false,6
2143,568012,true,6
2358,568249,false,6
2402,569474,true,6
2334,569536,false,6
2348,569835,false,6
2465,570162,true,6
2280,570168,true,6
2339,570242,true,6
2445,570312,false,6
2331,570439,true,6
2375,570583,true,6
2502,570894,false,6
2261,571048,true,6
2444,571192,false,6
1501,572297,true,6
2448,573690,true,6
2109,574321,false,6
2401,575178,true,6
2314,575428,true,6
2290,575758,true,6
2480,575794,true,6
2482,575974,true,6
2413,576027,true,6
2272,577022,false,6
2507,577174,true,6
2481,577752,false,6
2341,579365,true,6
2318,579970,true,6
2450,580423,true,6
2299,582046,false,6
2262,582447,false,6
2503,583709,false,6
2435,584354,false,6
2372,585393,true,6
2325,585872,false,6
2405,587917,false,6
2362,589483,true,6
2406,590156,false,6
2343,591297,false,6
2302,591878,false,6
2389,593580,true,6
2359,594260,true,6
583,595343,true,6
2525,597480,true,6
2293,598098,false,6
2531,599713,false,6
2869,607231,false,7
2676,608563,true,7
2614,608850,true,7
2744,609188,true,7
2706,609369,true,7
2898,609729,true,7
2612,609768,false,7
2574,610150,false,7
2721,610606,false,7
2794,610643,true,7
2578,611126,true,7
2804,611241,true,7
2866,611462,true,7
2664,611787,true,7
2740,612123,true,7
2672,612234,true,7
2871,612396,true,7
2840,612456,true,7
2788,612548,true,7
2756,613224,true,7
2784,613309,true,7
2580,613318,true,7
2730,613398,true,7
2809,613518,true,7
2896,613917,true,7
2708,614112,true,7
2620,614463,true,7
2606,614481,false,7
2592,614757,true,7
2783,614894,true,7
2732,616178,true,7
2860,616535,true,7
2886,616919,false,7
2564,617028,true,7
2736,617140,true,7
2856,617330,true,7
2864,617564,true,7
2722,617598,true,7
2608,617665,false,7
2687,618100,true,7
2842,618131,true,7
2618,618157,true,7
2748,618301,true,7
2752,618345,false,7
2622,618789,true,7
2854,619317,false,7
2726,619408,false,7
2754,619421,true,7
2423,619900,true,7
2544,619914,false,7
2560,620232,false,7
2792,620576,false,7
2646,620748,true,7
2876,620817,false,7
2604,621000,false,7
2746,621054,false,7
2658,621179,false,7
2888,621196,true,7
2576,621247,true,7
2475,621478,true,7
2570,621658,true,7
2644,621702,true,7
2632,621846,true,7
2815,621970,true,7
2692,621975,false,7
2828,621980,true,7
2750,621992,true,7
2638,622020,false,7
2892,622185,true,7
2728,622461,true,7
2816,622780,true,7
2802,622824,true,7
2747,622944,true,7
2884,623253,true,7
2835,623561,false,7
2698,623645,false,7
2185,623706,false,7
2806,623718,true,7
2627,623843,true,7
2870,624460,true,7
2874,624541,false,7
2683,624780,true,7
2786,624861,true,7
2774,625057,false,7
2568,625105,false,7
2760,625413,false,7
2594,625542,true,7
2542,625553,false,7
2720,625624,true,7
2686,625650,true,7
2680,625654,true,7
2826,625831,false,7
2709,625952,false,7
2667,626063,true,7
2697,626111,true,7
2838,626114,false,7
2820,626265,true,7
2682,626623,false,7
2853,626638,false,7
2848,626692,false,7
2850,626836,false,7
2540,626870,true,7
2758,626920,false,7
2751,627011,true,7
2814,627038,false,7
2811,627145,true,7
2590,627158,true,7
2827,627343,false,7
2538,627819,false,7
2596,627835,false,7
2742,627921,true,7
2546,628034,true,7
2616,628219,true,7
2895,628290,true,7
2824,628526,true,7
2665,628789,false,7
2235,629020,false,7
2880,629127,false,7
2552,629359,true,7
2215,629612,false,7
2823,629632,false,7
2650,629843,true,7
2836,629903,true,7
2796,630012,true,7
2690,630573,true,7
2652,630687,false,7
2696,630860,true,7
2317,630869,true,7
2598,630909,false,7
2684,631110,true,7
2861,631682,true,7
2239,631830,false,7
2634,632001,true,7
2852,632074,true,7
2846,632120,false,7
2703,632208,true,7
2545,632480,true,7
2640,632535,true,7
2791,632588,true,7
2780,632625,true,7
2719,632681,true,7
2285,632848,true,7
2858,632862,true,7
2593,632955,false,7
2662,633060,true,7
2789,633206,false,7
2587,634270,true,7
2790,634476,false,7
2610,634656,false,7
2768,634927,false,7
2671,636165,false,7
2113,636582,true,7
2657,637189,true,7
2600,637242,true,7
2762,637308,false,7
2656,637327,false,7
2872,637882,true,7
2865,637981,false,7
2769,638153,true,7
2724,638818,true,7
2829,638822,false,7
2679,638991,true,7
2605,639088,true,7
2630,639315,true,7
2727,639715,false,7
2702,639777,true,7
2609,639992,false,7
2812,640224,true,7
2653,640520,false,7
2885,640588,true,7
2558,640972,true,7
2565,641068,true,7
2636,641082,false,7
2890,641359,true,7
2660,641590,true,7
2572,641807,false,7
2689,642246,false,7
2628,642289,true,7
2712,642668,false,7
2704,642739,true,7
2617,642868,true,7
2713,643187,true,7
2778,643589,false,7
2805,643818,true,7
2857,643975,false,7
2889,644114,false,7
2772,644131,false,7
2615,644139,true,7
2818,644389,false,7
2670,644591,false,7
2844,644596,false,7
2556,645727,true,7
2700,645887,false,7
2532,646109,false,7
2669,646166,false,7
2832,646432,true,7
2584,646527,true,7
2808,646691,false,7
2891,646852,false,7
2767,646897,true,7
2562,647023,true,7
2851,647313,true,7
2550,647577,true,7
2624,647880,true,7
2710,647893,true,7
2882,649092,false,7
2557,649097,true,7
2785,649178,true,7
2795,649528,true,7
2770,649573,true,7
2782,649849,false,7
2738,650192,true,7
2579,650327,true,7
2621,650712,true,7
2766,650729,true,7
2575,650828,true,7
2588,651036,true,7
2655,651382,false,7
2803,651431,true,7
2764,651651,true,7
2648,652203,false,7
1413,652299,true,7
2569,652302,false,7
2555,652331,true,7
2566,652406,true,7
2753,652487,true,7
2666,652765,false,7
2241,653000,false,7
2873,653171,true,7
2883,653259,false,7
2817,653503,false,7
2651,654231,true,7
2705,654609,false,7
2810,654756,false,7
2543,655132,true,7
2602,655155,false,7
2536,655404,true,7
2548,655662,true,7
2668,656034,true,7
2265,656472,true,7
1915,656638,false,7
2745,656736,false,7
2641,656770,false,7
2553,656819,true,7
2345,657434,true,7
2573,657596,true,7
2554,657767,true,7
2677,658053,true,7
2868,658155,false,7
2771,658220,true,7
2582,658809,false,7
2718,659066,false,7
2881,659326,false,7
2862,659410,true,7
2757,659570,false,7
2834,659617,false,7
2776,660563,false,7
2716,661035,true,7
2897,661134,true,7
2707,661170,false,7
2586,661433,true,7
2734,661902,true,7
2830,662752,true,7
2878,663280,false,7
2647,664554,true,7
2654,666353,false,7
2678,667016,false,7
2681,667280,true,7
2822,667292,true,7
2661,667742,false,7
2559,668107,false,7
2819,668492,true,7
2626,668979,true,7
2551,670192,false,7
2733,671425,true,7
2894,671445,false,7
2349,671647,false,7
2534,672456,false,7
2893,673437,true,7
2699,676398,false,7
2583,676910,true,7
2837,677113,true,7
2800,677480,false,7
2787,677758,true,7
2637,678593,true,7
2841,678780,false,7
2714,679907,false,7
2688,680782,true,7
2674,680836,true,7
2798,683226,false,7
2694,684562,true,7
2725,684785,true,7
2642,684819,false,7
2541,687737,true,7
2998,693830,true,8
3216,694463,true,8
3156,694487,false,8
3006,694800,false,8
3204,695224,true,8
3078,696059,true,8
3099,696329,false,8
3054,696411,false,8
2994,696508,true,8
3130,696577,false,8
3082,696607,true,8
3158,696757,true,8
2729,697174,false,8
3044,697239,true,8
3220,697380,true,8
2982,697471,true,8
3224,697745,true,8
3095,697784,true,8
2990,697890,true,8
2906,697937,true,8
3198,698322,true,8
3228,698881,false,8
3028,699268,false,8
3016,699271,false,8
2986,700628,true,8
3046,700847,true,8
3064,701315,true,8
3188,701347,true,8
3072,701815,true,8
3154,701825,false,8
2934,702137,true,8
3162,702240,true,8
3088,702266,true,8
3108,702322,true,8
3073,702329,false,8
2905,702612,true,8
3226,702804,false,8
3157,703115,true,8
3038,703121,true,8
3182,703230,true,8
3222,703433,true,8
3124,703434,false,8
3250,703660,false,8
3242,703697,true,8
3241,703715,false,8
2909,703717,false,8
3080,703939,true,8
3218,703977,true,8
3252,704044,true,8
3138,704073,true,8
2966,704142,false,8
2938,704152,false,8
3172,704298,true,8
2962,704386,true,8
3170,704574,false,8
3032,704673,false,8
3176,704684,false,8
3076,704890,false,8
3248,704895,true,8
3002,704895,true,8
3120,704940,true,8
3040,705514,true,8
3244,705637,true,8
2970,705832,false,8
3155,706092,false,8
3094,706113,true,8
2603,706337,false,8
3174,706364,true,8
3236,706612,false,8
3118,707021,true,8
3134,707035,true,8
3128,707046,false,8
3208,707372,true,8
3168,707885,true,8
3140,707928,true,8
2535,707960,true,8
3060,708006,true,8
2977,708615,true,8
3265,708644,true,8
2932,708736,false,8
2908,708807,false,8
3253,708851,true,8
3014,708938,true,8
3234,709024,false,8
3019,709071,true,8
3153,709474,true,8
3121,710058,true,8
3160,710156,true,8
3122,710202,true,8
3062,710282,false,8
2942,710631,true,8
3260,710635,false,8
3180,710723,false,8
2964,710762,true,8
2960,710860,false,8
3256,710972,true,8
2912,711021,true,8
2797,711229,true,8
3071,711423,false,8
3159,711643,false,8
3258,712186,true,8
3098,712327,true,8
3266,712379,false,8
3083,713136,true,8
3194,713182,true,8
2916,713206,true,8
2967,713492,true,8
3196,714610,true,8
3215,714711,true,8
3148,714824,true,8
3041,714851,true,8
3212,715254,true,8
2930,715544,false,8
3223,715546,true,8
3068,715680,true,8
2980,715925,false,8
3270,716192,false,8
2951,716288,false,8
3085,716352,false,8
3116,716520,true,8
1871,716537,true,8
3164,716705,true,8
2936,717047,true,8
3137,717085,false,8
3035,717259,true,8
3114,717472,true,8
3102,718351,true,8
2988,718354,false,8
3034,718408,true,8
3024,718442,true,8
3264,718456,true,8
2958,718912,true,8
3033,718935,true,8
2984,718980,true,8
2978,719566,false,8
3027,719676,false,8
3211,719762,false,8
3050,720028,true,8
2900,720233,false,8
3045,720320,true,8
3048,721116,true,8
3036,721186,true,8
3171,721213,false,8
3262,721246,true,8
3136,721366,false,8
3179,721400,false,8
3077,721773,false,8
3202,721865,false,8
3214,721981,true,8
3142,722003,false,8
2910,722150,true,8
2946,722451,true,8
2968,722827,true,8
3013,722867,false,8
3209,723059,true,8
3100,723392,false,8
3210,723523,false,8
3112,724381,true,8
2922,724867,false,8
2731,724892,true,8
3243,724951,true,8
2902,725052,false,8
3206,725143,true,8
3042,725609,true,8
3191,725824,true,8
2439,725942,true,8
3023,726130,true,8
3093,726184,false,8
2940,726256,true,8
2914,726441,false,8
3126,726663,true,8
2956,726884,true,8
3004,727082,true,8
2963,727111,false,8
2949,727130,false,8
3268,727597,true,8
3104,727635,false,8
3269,727741,true,8
3166,727920,false,8
3190,728170,true,8
2117,728315,true,8
3017,728645,true,8
2972,728725,true,8
3235,729657,true,8
3247,729779,false,8
3152,730131,true,8
3232,730307,true,8
3195,730921,false,8
2919,730955,true,8
2996,731011,false,8
3189,731516,false,8
2948,731691,false,8
2979,732398,true,8
2991,732539,true,8
2917,732758,true,8
3063,733022,true,8
3052,733044,true,8
2357,733743,false,8
3096,733758,false,8
3086,733973,true,8
3066,734627,false,8
3055,735025,false,8
3057,735703,false,8
3022,735949,true,8
2933,735950,true,8
3037,735969,false,8
3058,736068,false,8
3254,736302,false,8
2915,736444,false,8
3178,737108,true,8
3147,737146,true,8
2952,737433,true,8
2904,737664,false,8
3009,737678,true,8
3259,737978,true,8
2957,737979,false,8
3199,738036,true,8
2945,738108,false,8
2950,738332,true,8
3230,738806,false,8
3146,738824,false,8
3197,739200,false,8
3127,739428,false,8
3119,739906,true,8
3203,740042,false,8
3012,740073,true,8
3030,740139,true,8
3186,740268,false,8
2659,740557,true,8
2924,740737,true,8
2926,740816,false,8
2920,741042,false,8
3092,741769,false,8
3261,741788,false,8
3144,741914,false,8
2944,742351,false,8
3106,742372,true,8
3192,742411,true,8
3018,742453,false,8
3039,743322,true,8
1735,743354,true,8
3150,743486,false,8
3233,744000,true,8
3125,744246,true,8
2992,744615,false,8
2976,745734,false,8
3010,745773,true,8
2391,748058,true,8
3053,748076,true,8
3272,748294,true,8
3084,749731,false,8
3110,750220,true,8
2959,750323,false,8
2928,750693,false,8
3201,751425,false,8
3184,752003,false,8
2469,752215,true,8
3238,752628,true,8
2913,752722,true,8
3000,753252,true,8
2974,753507,true,8
3056,753806,true,8
3132,753878,true,8
3239,753988,false,8
2923,754616,true,8
2639,754638,true,8
2859,755019,false,8
3131,755319,true,8
3097,756035,true,8
3263,756651,true,8
3240,756850,false,8
3193,758023,true,8
3221,758088,false,8
3163,759444,true,8
2695,761293,true,8
2954,761422,false,8
3008,761708,true,8
2907,762346,true,8
3020,762638,true,8
3074,762923,false,8
3229,762993,false,8
3200,763207,true,8
2971,763368,false,8
3067,763446,true,8
3231,763754,true,8
3246,763877,false,8
3070,766063,true,8
3043,766064,false,8
3026,767908,true,8
3245,768645,true,8
2918,768667,false,8
3249,769069,true,8
31,769607,false,8
2987,772105,true,8
3318,778407,true,9
3544,779231,true,9
3608,779705,false,9
3404,779857,true,9
3510,779912,false,9
3458,780327,true,9
3484,781155,true,9
2849,781688,true,9
3338,781984,true,9
3552,782068,false,9
3500,782186,false,9
2941,783121,true,9
3569,783599,true,9
3490,783829,true,9
3310,783917,true,9
3340,784060,true,9
3352,785307,true,9
3432,785583,true,9
3406,786006,true,9
3546,786210,true,9
3630,786221,true,9
3300,786254,false,9
3556,787110,true,9
3568,787114,true,9
3346,787410,false,9
3612,787512,true,9
3632,787666,false,9
3496,787853,false,9
3591,787858,false,9
3454,788044,true,9
3534,788538,true,9
3618,788623,true,9
3368,788764,false,9
3390,788917,true,9
3418,788934,true,9
3558,789121,true,9
3614,789536,false,9
3362,789606,true,9
3586,789634,false,9
3548,789933,true,9
3294,789953,true,9
3412,790048,false,9
3486,790051,true,9
3541,790207,true,9
3519,790269,true,9
3302,790636,false,9
3304,790877,true,9
3582,791004,false,9
3379,791216,true,9
3356,791703,false,9
3617,791805,true,9
3633,791960,false,9
3374,792281,true,9
3173,792544,true,9
3508,792730,true,9
3554,792734,false,9
3560,792761,false,9
3320,792778,true,9
3392,792815,false,9
3402,792824,true,9
3290,792891,true,9
3274,793167,false,9
3473,793471,true,9
3602,793640,true,9
3312,793835,true,9
3327,794240,true,9
3366,794298,true,9
3299,794472,true,9
3025,794653,true,9
3572,794763,true,9
3522,795030,false,9
3426,795402,true,9
3384,795443,true,9
3330,795476,false,9
3532,795478,false,9
3430,795690,false,9
3540,795749,true,9
3530,796145,false,9
3542,796256,false,9
3488,796467,true,9
3436,796918,false,9
3629,797173,true,9
3511,797525,true,9
3293,797555,false,9
3282,797603,true,9
3456,797709,false,9
3364,797742,false,9
3414,797756,false,9
3600,797802,false,9
3539,797906,true,9
3537,798018,true,9
2999,798089,true,9
3354,798101,true,9
3308,798458,false,9
3382,798512,true,9
3507,799530,true,9
3410,799679,false,9
3365,800045,true,9
3331,800098,false,9
2911,800242,false,9
3476,800321,false,9
3574,800335,true,9
3342,800380,true,9
3376,800769,true,9
2321,801649,true,9
3607,801722,true,9
3333,801856,true,9
3386,801861,true,9
3334,802133,false,9
3466,802207,true,9
3583,802228,true,9
3329,802236,true,9
3594,802242,false,9
3550,802481,false,9
3526,802693,false,9
3313,802836,false,9
3339,803000,false,9
3553,803014,true,9
3416,803070,false,9
3570,803452,true,9
3424,803592,false,9
3434,803614,true,9
3559,803697,true,9
3610,803826,true,9
3575,803902,true,9
3504,804022,true,9
3419,804066,false,9
3328,804359,true,9
3620,804783,true,9
3380,805014,true,9
3444,805035,true,9
3279,805199,false,9
3566,805336,false,9
3465,805395,true,9
3408,805708,true,9
3502,805875,true,9
3387,806132,true,9
3275,806340,true,9
3506,806492,true,9
2329,806603,true,9
3358,806739,false,9
3505,806764,true,9
3462,807104,false,9
3344,807348,true,9
3624,807480,false,9
3438,807580,false,9
3325,807697,false,9
3351,807904,true,9
3492,808106,true,9
3420,808196,true,9
3471,808375,true,9
2863,808444,true,9
3322,808559,true,9
3494,809025,true,9
3324,809206,true,9
3538,809622,false,9
3296,809912,true,9
3061,809914,true,9
3590,810045,false,9
3468,810258,true,9
2781,810586,false,9
3536,810938,true,9
2497,811300,false,9
3357,811526,true,9
3557,811733,true,9
3470,811743,true,9
3378,811961,true,9
3520,812021,true,9
3580,812324,true,9
3460,812485,true,9
3372,813144,false,9
3529,813388,true,9
3616,813791,false,9
3480,813833,false,9
3273,814051,false,9
3441,814080,true,9
3497,814150,true,9
3389,815209,false,9
3439,816023,true,9
3457,816232,true,9
3337,816381,true,9
3422,816415,true,9
3442,816599,false,9
3543,817091,false,9
3284,817380,true,9
3276,817568,true,9
3622,817654,false,9
3449,817750,true,9
3343,817799,false,9
3397,817884,false,9
3592,818086,false,9
3509,818391,true,9
3415,818732,false,9
3518,819509,false,9
3388,820020,true,9
3499,820036,true,9
3323,820542,true,9
3533,820579,true,9
3498,820758,false,9
3516,820873,false,9
3291,821011,false,9
3597,821288,true,9
3336,822182,true,9
3321,822617,true,9
3295,822784,true,9
3576,822810,false,9
3286,823490,false,9
3446,823695,false,9
3491,823845,true,9
3443,824111,false,9
3396,824793,true,9
3515,825075,false,9
3280,825161,false,9
3584,825635,false,9
3606,826679,false,9
3517,826870,false,9
3450,826955,false,9
3627,827271,true,9
3452,828500,false,9
3453,828577,true,9
3549,828667,true,9
3292,828676,true,9
3464,828698,false,9
3528,829098,true,9
3474,829214,true,9
3463,829567,true,9
3433,829633,false,9
3448,830263,false,9
3288,830538,false,9
3588,830897,true,9
3115,831109,true,9
3524,831157,false,9
3487,831210,false,9
3512,831353,true,9
3623,831371,false,9
3485,831552,true,9
3350,831862,true,9
3604,832690,true,9
2927,833330,true,9
3348,833746,true,9
3400,834310,false,9
3563,834481,true,9
3564,834619,false,9
3421,834701,false,9
3367,834707,true,9
3514,834863,true,9
3596,835042,true,9
3626,835268,false,9
3628,835271,true,9
3326,835838,false,9
3278,835973,false,9
3587,836132,true,9
3360,836540,false,9
3513,836743,true,9
3370,837198,false,9
3577,837302,false,9
3285,837561,false,9
3103,837673,true,9
3298,837972,false,9
3287,838008,false,9
3578,838693,true,9
3531,838796,true,9
3598,839056,false,9
3634,839795,false,9
3427,840267,false,9
3562,840393,true,9
3611,840823,false,9
3527,841583,true,9
3398,841764,false,9
3314,841797,true,9
3405,841841,true,9
3440,842759,false,9
3371,844282,true,9
3545,844397,true,9
3589,845195,true,9
3472,845444,false,9
3394,845644,false,9
2355,846794,false,9
3482,848169,true,9
3373,848919,true,9
3428,849927,false,9
3332,850049,false,9
3523,850053,true,9
3413,851680,true,9
3478,851983,true,9
3567,852369,false,9
3409,853067,true,9
2179,853097,false,9
3316,853952,true,9
3306,855646,false,9
3495,856570,false,9
3301,857476,true,9
3952,864515,false,10
3894,865786,true,10
3966,866894,true,10
3870,867542,true,10
3656,867694,true,10
3704,867779,true,10
3820,868314,false,10
3818,868417,true,10
3926,869099,true,10
3920,869316,true,10
3848,869975,true,10
3678,870050,true,10
3682,870191,true,10
3792,870207,false,10
3758,870326,false,10
3784,870586,false,10
3872,871800,true,10
3928,871840,true,10
3724,871924,false,10
3948,872177,false,10
3774,872560,true,10
3744,872933,true,10
3748,873950,false,10
3694,874058,false,10
3836,874103,false,10
3846,875587,true,10
3750,875595,false,10
3700,875597,false,10
3796,875785,false,10
3786,876148,false,10
3648,876749,true,10
3968,877137,true,10
3946,877314,true,10
3804,877440,false,10
3706,877656,true,10
3834,877908,true,10
3808,878622,true,10
3746,879058,true,10
3824,879293,false,10
3908,879354,false,10
3686,879374,true,10
3816,879788,false,10
3822,880175,false,10
3958,880362,true,10
2455,880479,false,10
3745,880646,false,10
3964,881010,false,10
3702,881066,true,10
3636,881240,false,10
3936,881263,false,10
3670,881532,true,10
3896,881573,true,10
3642,881691,true,10
3593,881946,true,10
3798,882097,true,10
3888,882715,false,10
3868,882765,true,10
3941,883612,true,10
3381,883681,true,10
3690,883738,true,10
3886,884139,true,10
3904,884227,true,10
3844,884294,false,10
3852,884533,true,10
3884,884533,false,10
3864,884594,true,10
3768,884944,true,10
3756,885095,true,10
3740,885155,false,10
3644,885791,false,10
3603,886296,false,10
3918,886365,false,10
3770,886479,false,10
3922,886577,false,10
3878,886592,false,10
3972,886704,false,10
3791,886790,true,10
3664,887016,false,10
3668,887170,true,10
3692,887378,false,10
3887,887520,false,10
3698,887670,true,10
3934,887689,true,10
3646,887777,false,10
3965,887898,false,10
3912,887900,false,10
3734,888246,false,10
3880,888282,false,10
3385,888336,true,10
3742,888754,true,10
3802,888790,true,10
3565,889034,false,10
3874,889314,true,10
3731,889338,false,10
3850,889393,true,10
3944,890355,true,10
3736,890450,true,10
3788,890550,false,10
3910,890742,true,10
3890,891047,true,10
3915,891048,true,10
3914,891137,true,10
3751,891192,true,10
3716,891589,true,10
3925,891688,true,10
3956,891971,true,10
3667,892240,true,10
3638,892519,true,10
3666,892597,false,10
3856,892715,true,10
3810,893475,true,10
3978,893544,true,10
3639,893884,false,10
3749,893987,true,10
3341,894033,true,10
3696,894157,false,10
3960,894543,false,10
3776,894594,true,10
3763,894631,true,10
3790,895264,true,10
3973,895392,true,10
3661,895512,true,10
3782,895637,false,10
3867,895910,true,10
3830,895947,false,10
3662,896422,false,10
3658,896826,false,10
3932,896834,false,10
3794,896852,true,10
3840,897003,false,10
3754,897114,true,10
3950,897131,true,10
3674,897234,false,10
3493,897429,true,10
3943,898586,true,10
1309,898680,false,10
3929,898790,true,10
3945,899303,false,10
3862,899677,true,10
3732,899857,false,10
3875,899894,false,10
3779,900099,true,10
3654,900167,false,10
3650,900326,false,10
3902,900524,false,10
3722,901321,true,10
3710,901450,false,10
3806,901467,true,10
3919,901507,false,10
3764,902113,true,10
3728,902382,false,10
3863,902396,true,10
3755,902420,true,10
3760,902436,false,10
3715,902445,false,10
3709,903078,true,10
3726,903313,true,10
3738,903481,true,10
3721,903557,true,10
3924,903760,true,10
3828,904591,true,10
2313,904650,true,10
3916,904834,true,10
3832,905292,false,10
3970,906037,true,10
3619,907009,true,10
3900,907181,true,10
3938,907290,true,10
3712,907322,true,10
3688,907663,false,10
3854,907713,false,10
3766,907886,true,10
3684,908192,true,10
3982,908831,true,10
3708,909154,false,10
3680,909172,true,10
3980,909682,true,10
3720,909720,true,10
3714,910364,false,10
3838,910419,false,10
3730,910989,true,10
2983,911952,false,10
3789,912230,true,10
3657,912388,true,10
3752,913040,true,10
3871,913295,false,10
3866,914201,true,10
3477,914328,false,10
3651,914620,false,10
3711,914842,true,10
3353,914880,true,10
3942,915811,true,10
3733,916383,false,10
3660,916558,true,10
3814,916843,false,10
3845,917081,false,10
3762,917682,false,10
3940,917820,false,10
3655,917901,true,10
3725,918121,true,10
3778,918131,false,10
3811,918425,false,10
3882,921256,true,10
3860,922155,false,10
3930,922364,false,10
3815,922562,false,10
3883,923010,true,10
3905,924141,true,10
3879,924252,false,10
3962,925181,true,10
3967,925310,true,10
3780,925371,false,10
3640,925492,false,10
3781,925537,false,10
3861,925631,false,10
3921,925746,false,10
3809,925885,true,10
3772,926365,false,10
3826,926666,true,10
3785,927218,false,10
3979,928514,true,10
3954,928782,true,10
3801,928907,false,10
3898,929112,false,10
3812,929769,true,10
3876,930357,false,10
3718,931602,true,10
3703,931691,true,10
3769,932154,false,10
3976,932759,true,10
3676,932770,false,10
1951,933565,false,10
3800,933860,false,10
3825,934463,true,10
3953,934841,false,10
3865,935218,true,10
3672,935549,true,10
3652,939053,false,10
3659,939482,true,10
3641,939658,true,10
3681,939753,false,10
3892,940631,true,10
3842,940703,true,10
3853,943897,true,10
3699,943930,false,10
3974,944749,true,10
3906,945000,true,10
3858,945200,false,10
3831,945455,true,10
3729,946993,false,10
4188,950839,true,11
4018,951955,true,11
3739,952843,true,11
4034,952895,true,11
4002,953049,false,11
4070,954125,false,11
4292,954633,false,11
4180,954877,true,11
4140,955232,true,11
4008,955833,true,11
4082,955973,false,11
4327,956118,true,11
4150,956240,true,11
4132,956728,false,11
3923,956885,false,11
4183,956903,false,11
4040,957010,false,11
4298,957868,true,11
4038,958001,true,11
4234,958030,true,11
4102,958711,true,11
4016,958746,true,11
4330,959094,true,11
4239,960511,true,11
4101,960835,true,11
4192,960910,true,11
4024,960966,false,11
4164,960980,false,11
4265,961013,false,11
4110,961260,true,11
4078,961468,true,11
3903,961912,true,11
4162,962402,false,11
4308,962450,true,11
4121,962484,true,11
3986,962502,false,11
4310,962536,true,11
4159,962666,true,11
4324,962757,true,11
4094,962797,true,11
4322,962920,true,11
4095,963020,true,11
4042,963192,true,11
4026,963245,true,11
4130,963400,true,11
4068,963575,true,11
4252,963908,true,11
4178,964027,false,11
4338,964052,true,11
4157,964062,true,11
3984,964149,true,11
4076,964238,true,11
4004,964448,false,11
4206,964582,false,11
4230,965450,true,11
4187,965578,true,11
4000,965591,false,11
4300,966104,false,11
4168,966333,false,11
4216,966675,true,11
4036,966687,true,11
4244,966781,true,11
3996,967078,false,11
4044,967396,true,11
4169,967537,true,11
3701,967656,true,11
4242,967771,true,11
4098,968265,false,11
4332,968306,false,11
3998,968505,true,11
4063,968536,true,11
4170,968650,false,11
3561,968795,true,11
4342,968825,false,11
4058,969040,true,11
4238,969137,false,11
4336,969192,true,11
4261,969233,false,11
4312,969280,false,11
4286,969328,true,11
4124,969362,false,11
4059,969377,true,11
4226,969386,false,11
4340,969797,true,11
4100,969950,true,11
4122,970144,true,11
4272,970917,true,11
4028,970940,true,11
4109,971098,true,11
3679,971120,true,11
4128,971227,true,11
4126,971432,true,11
4250,971584,false,11
4260,971697,false,11
4103,971728,true,11
4218,971925,false,11
3649,972049,false,11
4231,972057,false,11
4116,972087,true,11
4186,972152,false,11
4326,972304,true,11
4317,972465,true,11
4165,972566,false,11
4283,972769,true,11
3743,972834,false,11
4048,973258,false,11
4314,973526,true,11
3995,973633,true,11
4019,974150,true,11
2793,974300,false,11
4248,974483,false,11
4050,974485,true,11
2741,974797,false,11
4083,975154,false,11
4073,975316,true,11
4246,975322,false,11
4090,975351,false,11
4146,975542,true,11
4172,975616,true,11
4041,975814,true,11
4222,975935,true,11
4196,976211,true,11
4074,976264,true,11
4204,976266,true,11
4158,976270,true,11
4258,976408,false,11
4200,976480,false,11
4156,976828,true,11
4264,976946,true,11
4208,976972,true,11
4304,977006,true,11
3988,977286,false,11
4021,977329,false,11
4311,977340,true,11
4247,977663,true,11
4212,977838,true,11
4108,977900,true,11
4061,977914,false,11
4320,978023,false,11
4344,978119,false,11
4225,978477,true,11
4210,978520,true,11
4012,978760,true,11
4236,978965,true,11
4118,979138,false,11
4062,979442,true,11
4014,979759,false,11
4066,980254,true,11
4232,980394,true,11
4190,980746,false,11
4117,980881,false,11
4079,980971,false,11
3637,981016,true,11
4106,981208,true,11
3931,981250,false,11
4137,981273,true,11
4177,981371,false,11
3821,981401,false,11
4328,981616,false,11
4129,981701,true,11
4064,981834,true,11
4176,981955,true,11
4072,982338,false,11
4056,982353,true,11
3961,982707,true,11
3999,983035,false,11
4139,983073,true,11
4075,983147,true,11
4240,983161,false,11
4309,983298,true,11
4060,983394,false,11
3631,983449,true,11
4207,983536,true,11
4257,983618,true,11
4288,983638,false,11
4114,983719,true,11
4195,984853,true,11
4284,985204,true,11
3719,985233,false,11
4318,985568,true,11
4099,985864,false,11
4281,985921,true,11
4321,986024,true,11
4255,986074,true,11
4174,986409,false,11
4104,986555,false,11
4220,986736,true,11
4241,986745,true,11
4193,986762,false,11
4280,987304,true,11
4229,987314,false,11
4086,987642,true,11
4316,987694,true,11
4182,987858,true,11
4092,987992,true,11
3393,988154,true,11
4032,988207,true,11
4112,988537,true,11
4194,988770,false,11
4096,989299,true,11
4275,989935,true,11
4287,990466,false,11
4224,990741,false,11
4306,990864,false,11
4334,991103,true,11
4152,991376,false,11
4266,991753,false,11
4289,991776,false,11
3927,992030,true,11
4198,992097,false,11
3993,992118,true,11
3753,992200,true,11
4088,992403,false,11
4027,992438,true,11
4299,992527,false,11
4003,992791,true,11
4273,993027,true,11
4051,993265,true,11
4262,993287,true,11
4138,993316,true,11
3994,993490,false,11
4154,993517,true,11
4035,993583,true,11
4278,993699,false,11
4134,993860,true,11
4290,994126,false,11
4084,994461,false,11
4144,994607,true,11
4010,994632,true,11
4227,995099,false,11
4080,995452,false,11
4006,996477,false,11
4009,996765,true,11
4091,997054,true,11
4211,998434,true,11
4142,998470,true,11
4337,998575,false,11
4256,998783,false,11
4346,999227,false,11
4085,999414,true,11
4155,999564,false,11
4148,1000393,true,11
4253,1000531,false,11
4037,1001365,true,11
4303,1002087,false,11
4282,1002113,false,11
4202,1002851,true,11
4030,1004394,false,11
4219,1005186,false,11
4160,1005705,false,11
4268,1006103,false,11
4022,1006308,true,11
4136,1006383,false,11
4319,1007575,true,11
4294,1007617,false,11
4233,1008192,false,11
4057,1008714,false,11
3992,1008937,false,11
4276,1009372,true,11
4271,1009638,true,11
4296,1009845,false,11
4055,1010223,true,11
3851,1010292,false,11
4089,1010340,false,11
4046,1010823,false,11
4120,1011109,true,11
4105,1011281,true,11
4215,1011344,true,11
4295,1012128,true,11
4203,1012188,false,11
4254,1012743,false,11
4243,1012915,true,11
4052,1013327,true,11
4228,1013659,true,11
4107,1014336,true,11
3983,1014619,true,11
4277,1014764,false,11
4199,1015762,true,11
4333,1016001,true,11
3989,1016894,false,11
4054,1017144,false,11
4013,1017458,true,11
4113,1017525,false,11
4053,1017695,true,11
4020,1019860,false,11
4125,1020984,false,11
4166,1021885,true,11
4270,1022967,true,11
4184,1023342,false,11
3990,1025502,false,11
4274,1025561,false,11
4302,1026097,false,11
3819,1026814,true,11
4005,1027454,true,11
4214,1027458,true,11
4135,1028328,true,11
4245,1029040,true,11
4508,1039327,false,12
4376,1039947,false,12
4642,1041867,true,12
4369,1041938,true,12
4588,1042040,true,12
4678,1042241,true,12
4618,1042336,false,12
4658,1042812,true,12
4454,1042825,true,12
4560,1042856,true,12
4458,1042910,true,12
4672,1043128,true,12
4420,1043557,true,12
4680,1043859,true,12
4528,1044069,true,12
4600,1044150,false,12
4366,1044590,true,12
4592,1044789,true,12
4604,1044826,false,12
4426,1044932,false,12
4450,1044964,true,12
4414,1045073,true,12
4384,1045863,true,12
4380,1046257,false,12
4676,1046595,true,12
4368,1046629,true,12
4213,1047568,false,12
4374,1047612,true,12
4430,1047660,false,12
4379,1047984,true,12
4408,1048486,true,12
4348,1048578,true,12
4474,1049083,false,12
4580,1049219,true,12
4616,1049264,true,12
4566,1049330,true,12
4465,1049457,true,12
4556,1049519,true,12
4419,1049572,false,12
4440,1049696,true,12
4570,1049978,true,12
4484,1050231,true,12
4663,1050307,true,12
4323,1050438,true,12
4626,1050756,true,12
4470,1050766,false,12
4519,1050838,true,12
4654,1051134,true,12
3585,1051172,false,12
4668,1051323,false,12
4372,1051443,true,12
4554,1051453,true,12
4574,1052080,true,12
4398,1052233,true,12
4455,1052245,false,12
4464,1052262,true,12
4370,1052302,true,12
4386,1052486,true,12
4487,1052489,false,12
4524,1052764,true,12
4404,1052767,true,12
4606,1052976,true,12
4595,1053104,true,12
4416,1053191,false,12
4400,1053191,true,12
4428,1053650,false,12
4409,1053789,true,12
4628,1054029,true,12
4433,1054279,true,12
4518,1054306,false,12
4635,1054414,false,12
4462,1054489,true,12
4530,1054510,false,12
4480,1054805,true,12
4677,1055212,true,12
4585,1055470,true,12
4661,1055510,false,12
4476,1056054,false,12
4582,1056201,true,12
4644,1056347,true,12
4660,1056423,true,12
4684,1057108,false,12
4448,1057469,true,12
4648,1057795,false,12
4602,1057805,false,12
4667,1058169,false,12
4436,1058308,false,12
4605,1058346,false,12
4412,1058876,false,12
4483,1058994,true,12
4434,1059006,true,12
4576,1059475,true,12
4446,1059540,true,12
4382,1059724,false,12
4664,1060077,true,12
4498,1060190,true,12
4460,1060359,true,12
4399,1060440,true,12
4510,1060631,true,12
4538,1060836,true,12
4363,1060864,true,12
4359,1061304,true,12
4488,1061318,true,12
4597,1061499,true,12
4490,1061702,true,12
4509,1061734,true,12
4656,1062005,true,12
4482,1062011,false,12
4536,1062138,true,12
4477,1062305,false,12
4584,1062459,false,12
4493,1062463,true,12
4350,1062501,true,12
4492,1062795,true,12
4649,1062952,true,12
4615,1063006,true,12
4529,1063228,false,12
4522,1063336,true,12
4636,1063411,false,12
4425,1063637,true,12
4362,1063984,false,12
4546,1064039,true,12
4669,1064043,true,12
4646,1064192,false,12
4598,1065076,false,12
4463,1065263,true,12
4403,1065270,true,12
4385,1065332,true,12
4504,1065506,false,12
4499,1066122,false,12
4486,1066164,false,12
4472,1066548,true,12
4561,1067400,true,12
4367,1067613,false,12
4632,1067632,true,12
4674,1068214,true,12
4666,1068302,false,12
4544,1068538,true,12
4358,1068755,false,12
4620,1068761,false,12
4532,1069275,false,12
4578,1069678,true,12
4659,1069807,true,12
4514,1069895,true,12
4067,1070146,false,12
4573,1070268,true,12
4392,1070378,true,12
4478,1070459,false,12
4563,1070617,true,12
3977,1071001,true,12
4682,1071040,true,12
4586,1071060,true,12
4542,1071661,true,12
4624,1071764,true,12
4402,1071889,false,12
4612,1072236,true,12
4610,1072458,false,12
4506,1072514,true,12
4640,1072533,true,12
4564,1072859,false,12
4406,1073794,true,12
4594,1073813,true,12
4550,1073871,false,12
4502,1073922,false,12
4685,1073979,true,12
4149,1074118,false,12
4069,1074197,true,12
4352,1074563,true,12
4071,1074667,true,12
4515,1074786,false,12
4634,1074833,false,12
4394,1075008,true,12
4467,1075449,true,12
4638,1076204,false,12
4590,1077105,false,12
4418,1077922,true,12
4429,1078190,true,12
4670,1078199,true,12
4507,1078206,true,12
4442,1078391,false,12
4512,1078396,false,12
4378,1078723,true,12
4449,1079002,true,12
4591,1079193,true,12
4459,1079295,false,12
4396,1079350,true,12
4413,1079396,false,12
4444,1080205,false,12
4596,1080541,true,12
4456,1080710,false,12
4625,1080737,true,12
4496,1080767,false,12
4439,1081055,true,12
4652,1081120,true,12
4650,1081241,true,12
4534,1081407,true,12
4683,1081566,true,12
4607,1081900,false,12
4466,1082108,true,12
4356,1082451,false,12
4438,1082524,true,12
4548,1082539,true,12
4643,1082689,true,12
4558,1083349,false,12
4390,1083453,false,12
4535,1084316,true,12
4647,1084442,false,12
4373,1084845,false,12
3893,1085160,true,12
4360,1085170,false,12
4383,1085177,true,12
4622,1085395,false,12
4189,1086127,false,12
3005,1086300,true,12
4540,1086745,true,12
4410,1086776,true,12
4681,1087016,true,12
4521,1087252,false,12
4388,1088141,true,12
4468,1089311,false,12
4619,1089969,false,12
4614,1090027,true,12
4572,1090099,false,12
4364,1090483,true,12
3899,1090943,false,12
4015,1092494,true,12
4513,1092900,false,12
4453,1093088,true,12
4452,1094805,true,12
4500,1094880,false,12
4630,1095020,false,12
4568,1095036,true,12
4559,1095408,true,12
4662,1095723,false,12
4365,1096043,false,12
4552,1097298,false,12
4471,1097881,true,12
4469,1098168,true,12
4562,1098671,false,12
2025,1099308,true,12
4520,1100389,false,12
4432,1103034,true,12
3377,1103326,true,12
4593,1104345,true,12
4354,1104838,false,12
4516,1106202,false,12
4395,1106462,true,12
4375,1106883,true,12
4601,1107078,false,12
4526,1107131,true,12
4645,1108696,true,12
4577,1109214,true,12
4351,1110624,true,12
4457,1111487,true,12
4583,1112517,true,12
4494,1112761,false,12
4435,1112838,true,12
4679,1113670,false,12
4424,1114526,true,12
4422,1116712,false,12
4608,1117639,true,12
4964,1124419,true,13
4798,1124665,false,13
4968,1124832,false,13
4702,1125487,true,13
4784,1125911,true,13
4802,1125932,true,13
4423,1126568,true,13
4756,1127085,false,13
3605,1127325,true,13
4722,1127858,true,13
4916,1128103,false,13
4754,1128397,true,13
4912,1128497,true,13
4880,1128661,true,13
4752,1128883,false,13
4826,1129121,false,13
4906,1129238,true,13
4941,1131893,true,13
4692,1132182,true,13
4770,1132413,true,13
4820,1132484,true,13
4834,1132542,false,13
4896,1133805,true,13
4718,1133838,true,13
4966,1134193,true,13
4950,1134326,false,13
4836,1134763,true,13
4728,1135096,true,13
4686,1136065,true,13
4926,1136136,true,13
4780,1136285,true,13
4935,1136449,true,13
4810,1136529,true,13
4696,1136910,true,13
4838,1137130,false,13
4952,1137208,true,13
4814,1137619,false,13
4886,1137642,true,13
4808,1137735,true,13
4917,1137753,true,13
4822,1137942,true,13
4882,1138689,true,13
4978,1138964,true,13
4740,1139013,true,13
4918,1139017,true,13
4796,1139769,true,13
4890,1139972,true,13
4934,1140316,false,13
4956,1140394,true,13
4854,1140505,true,13
4783,1140594,true,13
4655,1140718,false,13
4744,1140743,true,13
4750,1140780,false,13
4688,1140887,true,13
4730,1140911,true,13
4974,1140949,false,13
3877,1141011,false,13
4734,1143166,false,13
4844,1143207,true,13
4958,1143276,false,13
4846,1143395,true,13
4786,1143541,false,13
4706,1143718,true,13
4837,1143791,false,13
4878,1144016,true,13
4700,1144251,false,13
4746,1145131,true,13
4972,1146268,false,13
4868,1146742,false,13
4748,1147426,true,13
4617,1147693,true,13
4065,1148316,true,13
4812,1148404,true,13
1583,1148841,true,13
4892,1148940,true,13
4840,1148975,false,13
4731,1149069,true,13
4794,1149132,true,13
4860,1149357,false,13
4701,1149942,false,13
4790,1150104,true,13
4764,1150303,false,13
4960,1150629,false,13
4781,1150694,false,13
4818,1150920,false,13
4932,1151035,true,13
4872,1151208,true,13
4771,1151314,false,13
4936,1151503,true,13
4694,1152099,true,13
4914,1152113,true,13
4862,1152541,true,13
4776,1152545,false,13
4970,1152857,true,13
4800,1153112,true,13
4787,1153355,true,13
4902,1153776,true,13
4920,1154599,true,13
4899,1155262,false,13
4816,1155482,false,13
4690,1155729,false,13
4766,1155888,false,13
4782,1155913,false,13
4938,1156184,false,13
4843,1156333,false,13
4712,1156478,true,13
4475,1156602,true,13
4710,1156692,true,13
4864,1158217,false,13
4758,1158738,true,13
4962,1159118,false,13
4774,1159448,true,13
4723,1159472,false,13
4792,1159575,true,13
4779,1159837,false,13
4789,1159893,false,13
4736,1159946,true,13
4923,1160454,false,13
4894,1160511,false,13
4842,1161110,true,13
4708,1161166,true,13
4724,1161620,true,13
4863,1161632,false,13
4850,1161727,false,13
4829,1161738,false,13
4726,1162508,true,13
4760,1162570,false,13
4848,1162744,false,13
4759,1163189,true,13
4871,1163358,false,13
4772,1163727,true,13
4944,1163867,false,13
4911,1163884,true,13
4768,1165924,true,13
4948,1165938,true,13
4551,1166148,false,13
4716,1166236,false,13
4741,1166258,true,13
4900,1167373,true,13
4806,1167403,true,13
4942,1167605,true,13
4755,1167684,true,13
4922,1167876,true,13
4575,1168386,true,13
4742,1168787,true,13
4866,1168990,true,13
4714,1169258,true,13
4870,1169726,true,13
4975,1169884,true,13
4698,1170875,false,13
4928,1171553,false,13
4673,1171629,false,13
4788,1171984,false,13
4888,1172136,true,13
4859,1172501,true,13
4828,1172936,true,13
4813,1172973,false,13
4732,1173049,true,13
4971,1173305,true,13
4858,1173903,false,13
4908,1174192,true,13
4910,1175034,false,13
4775,1175265,true,13
4762,1175472,true,13
4949,1175865,true,13
4930,1176364,true,13
4946,1176658,false,13
4733,1176684,true,13
4891,1177322,true,13
4721,1178974,false,13
4954,1180564,true,13
4940,1180708,false,13
4719,1181182,true,13
4904,1181281,false,13
4720,1181562,false,13
4832,1182188,true,13
4401,1182534,true,13
4557,1182647,true,13
4898,1182768,false,13
4939,1183360,true,13
4785,1183801,true,13
4874,1183803,false,13
4817,1183857,false,13
4824,1184258,true,13
4415,1184354,true,13
4833,1186136,false,13
4795,1186926,true,13
4884,1186941,true,13
4807,1186950,true,13
4876,1188436,true,13
3687,1188773,false,13
3737,1189675,true,13
4856,1190230,true,13
4687,1190784,true,13
4778,1192014,false,13
4704,1192848,false,13
4738,1193204,false,13
4830,1193912,false,13
4705,1194626,true,13
4852,1195912,false,13
4751,1196187,true,13
4976,1197623,false,13
4883,1199013,true,13
4804,1199370,false,13
4753,1202066,true,13
4727,1203348,false,13
4973,1204094,false,13
4924,1206862,false,13
4707,1218821,false,14
4773,1225613,false,14
4821,1228381,false,14
4749,1228810,true,14
4713,1228948,true,14
4873,1231468,true,14
4777,1234482,true,14
4955,1236101,false,14
2775,1240263,true,14
4391,1242481,false,14
4823,1242962,false,14
4695,1243357,true,14
4729,1250361,true,14
4851,1251195,false,14
4897,1256086,true,14
4853,1256856,true,14
4953,1265692,true,14
4927,1277770,true,14
4929,1278784,false,14
4445,1281450,false,14
4693,1292788,true,14
4957,1314117,true,15
3793,1320643,false,15
3833,1323428,true,15
4735,1344151,true,15
4745,1347078,false,15
4763,1400320,false,16
4343,1438327,true,16
4879,1596085,false,18
2935,1907597,false,22
